Transaction Hash,Status,Method,Blockno,DateTime (UTC),From,From_Nametag,To,To_Nametag,Amount,Value (USD),Txn Fee
"0x93306ec689a9f921b0b0c8f9397765c916fe02657be8a537e8f0a9526025d2aa","Success","0xb43e985b","11542051","2026-08-22 09:09:48","0xa2c65c1f28a20bf1acbdff54c4dfeea669183b5b","","0x22199e2bfcc9f47278892eee3386f4bd78f44bd3","","0 ETH","$0.00","0.00064376"
"0x2cc8204b6304c68c2058ca868c1a916b980cc12c448f46e0bd13d99d939e2f15","Success","0xb43e985b","11542050","2026-08-22 09:09:36","0xa2c65c1f28a20bf1acbdff54c4dfeea669183b5b","","0x22199e2bfcc9f47278892eee3386f4bd78f44bd3","","0 ETH","$0.00","0.00063896"
"0x17aa1494ed8e97add702d00d412505a04e648d4d4f35da4939832701a5733a38","Success","0xb43e985b","11542049","2026-08-22 09:09:24","0xa2c65c1f28a20bf1acbdff54c4dfeea669183b5b","","0x22199e2bfcc9f47278892eee3386f4bd78f44bd3","","0 ETH","$0.00","0.00063648"
"0x7095bfe8f5eaa6b09118e17104ad1b4290978f49553c6149913fe0ba4c430d21","Success","0xb43e985b","11542048","2026-08-22 09:09:12","0xa2c65c1f28a20bf1acbdff54c4dfeea669183b5b","","0x22199e2bfcc9f47278892eee3386f4bd78f44bd3","","0 ETH","$0.00","0.00062871"
"0x46b9933bbcd36591ed3308dc02c3c141738a0586bd8af1b7f62d8f15cb8c4abc","Success","0xb43e985b","11542047","2026-08-22 09:09:00","0xa2c65c1f28a20bf1acbdff54c4dfeea669183b5b","","0x22199e2bfcc9f47278892eee3386f4bd78f44bd3","","0 ETH","$0.00","0.00065022"
"0x526279222af3a37895615e732bba5114d6eb431a09a63b99e6071595c6d8bfe9","Success","0xb43e985b","11542046","2026-08-22 09:08:48","0xa2c65c1f28a20bf1acbdff54c4dfeea669183b5b","","0x22199e2bfcc9f47278892eee3386f4bd78f44bd3","","0 ETH","$0.00","0.00063957"
"0x11343328971b81960c5a7ee48c987d59954a5fa80cebaa80b5d5cc0eded3740e","Success","0xb43e985b","11542045","2026-08-22 09:08:36","0xa2c65c1f28a20bf1acbdff54c4dfeea669183b5b","","0x22199e2bfcc9f47278892eee3386f4bd78f44bd3","","0 ETH","$0.00","0.00065224"
"0xd33e1ffc9347c9feb26214f9743aa362ac9635350b80916d06ca369d54488ed5","Success","0xb43e985b","11542044","2026-08-22 09:08:24","0xa2c65c1f28a20bf1acbdff54c4dfeea669183b5b","","0x22199e2bfcc9f47278892eee3386f4bd78f44bd3","","0 ETH","$0.00","0.00063982"
"0xe49e9217806820d6879a23577a0f0a9e9de06b66faab349aa657f93c718d0d65","Success","0xb43e985b","11542043","2026-08-22 09:08:12","0xa2c65c1f28a20bf1acbdff54c4dfeea669183b5b","","0x22199e2bfcc9f47278892eee3386f4bd78f44bd3","","0 ETH","$0.00","0.00065128"
"0x4b412373548b15c588d82c69c0f327d8236b89008a505a4759500b1123b8b9a4","Success","0xb43e985b","11542042","2026-08-22 09:08:00","0xa2c65c1f28a20bf1acbdff54c4dfeea669183b5b","","0x22199e2bfcc9f47278892eee3386f4bd78f44bd3","","0 ETH","$0.00","0.00063872"
"0x174e6a93f2dadafc449813980a9dc5cf7c0f2451a0b2701e1601ba4cabececcb","Success","0xb43e985b","11542041","2026-08-22 09:07:48","0xa2c65c1f28a20bf1acbdff54c4dfeea669183b5b","","0x22199e2bfcc9f47278892eee3386f4bd78f44bd3","","0 ETH","$0.00","0.00063498"
"0x744f18ca235bd0c40aa415a9cd49aa586acc3e272a4b20b9d96be550aee5e42b","Success","0xb43e985b","11542040","2026-08-22 09:07:36","0xa2c65c1f28a20bf1acbdff54c4dfeea669183b5b","","0x22199e2bfcc9f47278892eee3386f4bd78f44bd3","","0 ETH","$0.00","0.00062935"
"0x86dc7b58572f5bfe439c6e4f4a4f4c8a7d817c6027093b71e4571c8a1e615dba","Success","0xb43e985b","11542039","2026-08-22 09:07:24","0xa2c65c1f28a20bf1acbdff54c4dfeea669183b5b","","0x22199e2bfcc9f47278892eee3386f4bd78f44bd3","","0 ETH","$0.00","0.00064655"
"0x18548f65e6009a5994e2f203eee61dc7c3de566ff25ca4026a650359e6334da8","Success","0xb43e985b","11542038","2026-08-22 09:07:12","0xa2c65c1f28a20bf1acbdff54c4dfeea669183b5b","","0x22199e2bfcc9f47278892eee3386f4bd78f44bd3","","0 ETH","$0.00","0.0006318"
"0x4ab7b5d69b202b1c0ce0605ba30375723f06e7fa3b983e32784ff780415571ca","Success","0xb43e985b","11542037","2026-08-22 09:07:00","0xa2c65c1f28a20bf1acbdff54c4dfeea669183b5b","","0x22199e2bfcc9f47278892eee3386f4bd78f44bd3","","0 ETH","$0.00","0.00062807"
"0xe0484f6367b4db6cdfcf6939e96cd35d499d5bdcee692f6bb65a71417669b761","Success","0xb43e985b","11542036","2026-08-22 09:06:48","0xa2c65c1f28a20bf1acbdff54c4dfeea669183b5b","","0x22199e2bfcc9f47278892eee3386f4bd78f44bd3","","0 ETH","$0.00","0.0006457"
"0xf6142755949e1fa5c5edcc76952d2d570ef3209c5a7430a2f3ee6ee6d12d7db5","Success","0xb43e985b","11542035","2026-08-22 09:06:36","0xa2c65c1f28a20bf1acbdff54c4dfeea669183b5b","","0x22199e2bfcc9f47278892eee3386f4bd78f44bd3","","0 ETH","$0.00","0.0006261"
"0x4c00e6248d93de366cc055ec80454e14f79b4514613efa812df00f6722b915f9","Success","0xb43e985b","11542034","2026-08-22 09:06:24","0xa2c65c1f28a20bf1acbdff54c4dfeea669183b5b","","0x22199e2bfcc9f47278892eee3386f4bd78f44bd3","","0 ETH","$0.00","0.00064542"
"0x0c547d5fa72f076d09b1901ae19fee51d3e44cd5c3a101e956f15f4198ccaa9b","Success","0xb43e985b","11542033","2026-08-22 09:06:12","0xa2c65c1f28a20bf1acbdff54c4dfeea669183b5b","","0x22199e2bfcc9f47278892eee3386f4bd78f44bd3","","0 ETH","$0.00","0.00063356"
"0x62b6067400391d03dda2d42ae945a988c7840b7fe8620244c37ef71a96023125","Success","0xb43e985b","11542032","2026-08-22 09:06:00","0xa2c65c1f28a20bf1acbdff54c4dfeea669183b5b","","0x22199e2bfcc9f47278892eee3386f4bd78f44bd3","","0 ETH","$0.00","0.00064676"
"0xee1646312069b449fdace5571942e1bb524cc74009c20a3f4d46e2ea7dbae3f3","Success","0xb43e985b","11542031","2026-08-22 09:05:48","0xa2c65c1f28a20bf1acbdff54c4dfeea669183b5b","","0x22199e2bfcc9f47278892eee3386f4bd78f44bd3","","0 ETH","$0.00","0.00064308"
"0xb0ea49f1a183fa3beb5a21b271971ddca0df12603cd5006a61d0e37ab1a2cac4","Success","0xb43e985b","11542030","2026-08-22 09:05:24","0xa2c65c1f28a20bf1acbdff54c4dfeea669183b5b","","0x22199e2bfcc9f47278892eee3386f4bd78f44bd3","","0 ETH","$0.00","0.00063614"
"0x803f4e0490fbae42b962e40ec3f1a6d56f84d4477fd90071c443b67967927131","Success","0xb43e985b","11542029","2026-08-22 09:05:12","0xa2c65c1f28a20bf1acbdff54c4dfeea669183b5b","","0x22199e2bfcc9f47278892eee3386f4bd78f44bd3","","0 ETH","$0.00","0.0006264"
"0xe0a214ce27a27bec99545bda8990a72b0861592c9e55126c2d93da1eb11d8020","Success","0xb43e985b","11542028","2026-08-22 09:05:00","0xa2c65c1f28a20bf1acbdff54c4dfeea669183b5b","","0x22199e2bfcc9f47278892eee3386f4bd78f44bd3","","0 ETH","$0.00","0.00062027"
"0x618c3d547c704dabba374e4ae11a8bbb70b0651502f450e9eacf6a3ea906f49b","Success","0xb43e985b","11542027","2026-08-22 09:04:48","0xa2c65c1f28a20bf1acbdff54c4dfeea669183b5b","","0x22199e2bfcc9f47278892eee3386f4bd78f44bd3","","0 ETH","$0.00","0.0006431"
"0x4f880c608e30cc10c3ba8b2f133cc97ac61a0f2275fe2c73fe415cd5edc57092","Success","0xb43e985b","11542026","2026-08-22 09:04:36","0xa2c65c1f28a20bf1acbdff54c4dfeea669183b5b","","0x22199e2bfcc9f47278892eee3386f4bd78f44bd3","","0 ETH","$0.00","0.00063982"
"0xfcb742d19476284285a22a2d0a65dadfb0bdfd39d45265a711c8e9f8c2e21bb5","Success","0xb43e985b","11542025","2026-08-22 09:04:24","0xa2c65c1f28a20bf1acbdff54c4dfeea669183b5b","","0x22199e2bfcc9f47278892eee3386f4bd78f44bd3","","0 ETH","$0.00","0.00064281"
"0x8488bba183cdff2b148cee82e17200683c618341b610a4e4e3d113eaf333463e","Success","0xb43e985b","11542024","2026-08-22 09:04:00","0xa2c65c1f28a20bf1acbdff54c4dfeea669183b5b","","0x22199e2bfcc9f47278892eee3386f4bd78f44bd3","","0 ETH","$0.00","0.00065751"
"0xbb2fc32ac3254f4cce8b1fbcd90ec375d4d18c52695bb7920b4fc63697183cf5","Success","0xb43e985b","11542023","2026-08-22 09:03:48","0xa2c65c1f28a20bf1acbdff54c4dfeea669183b5b","","0x22199e2bfcc9f47278892eee3386f4bd78f44bd3","","0 ETH","$0.00","0.00065284"
"0xd75cedeae8b49da06583bbdc218fd80f2b76a383cc215489540185470203d295","Success","0xb43e985b","11542022","2026-08-22 09:03:36","0xa2c65c1f28a20bf1acbdff54c4dfeea669183b5b","","0x22199e2bfcc9f47278892eee3386f4bd78f44bd3","","0 ETH","$0.00","0.0007234"
"0x392a2d83942bd0a6ef20b695098a14cd364426da6f4be00111188e339fcacc26","Success","0x20a954a8","11542021","2026-08-22 09:03:12","0xa2c65c1f28a20bf1acbdff54c4dfeea669183b5b","","0x22199e2bfcc9f47278892eee3386f4bd78f44bd3","","0 ETH","$0.00","0.00035309"
"0x5ab35aab0205073cb87af8aef07a1ec0c8e1904c03eae1463091abe035e6a51d","Success","0x60806040","11542020","2026-08-22 09:03:00","0xa2c65c1f28a20bf1acbdff54c4dfeea669183b5b","","","","0 ETH","$0.00","0.00335966"